name, rmse, si_rmse, angular_error, norm_rmse
diffuse, 0.3680957114964972, 0.14725613463583184, 2.1045877417265846, 0.21898625793802468