name, rmse, si_rmse, angular_error, norm_rmse
matte_silver, 0.509451085476677, 0.38065221506769525, 3.041772733681077, 0.33270860354661236