name, rmse, si_rmse, angular_error, norm_rmse
mirror, 0.8569624817600046, 0.6772978197154207, 4.309334786931372, 0.43506806703202916