mse, si_mse, angular, psnr
0.586126446723938,0.19690024107694626,5.040167465886896,8.449860745083743
